project,method,average_precision,roc_auc,f1,precision,recall,mcc,runtime_seconds,bootstrap_fit_seconds,training_jaccard_3,training_jaccard_5,training_rank_correlation,training_sign_agreement,training_material_overlap,training_label_agreement,training_score_std
ant,logistic,0.4898172374425421,0.7488503235740891,0.22885572139303484,0.6571428571428571,0.13855421686746988,0.23172969406479307,1.0213742000050843,0.03331219987012446,0.4574776785714285,0.5123166454081632,0.606764399838883,0.7232142857142856,1.0,0.9720982142857143,0.03084675943796103
ant,coral_mean_logistic,0.5306158561704075,0.7830180826934683,0.2268041237113402,0.7857142857142857,0.13253012048192772,0.26730689218124676,0.9767614000011235,0.03623849991708994,0.4155133928571428,0.46315635629251706,0.5667998120300752,0.7214285714285714,1.0,0.9737723214285714,0.03221724006091836
ant,linear_tca_logistic,0.4836686171875971,0.7505358220446553,0.1875,0.6923076923076923,0.10843373493975904,0.21454110088518,0.967359900008887,0.028576900018379092,0.5981026785714285,0.6044213258219955,0.7699055115467238,0.8857142857142859,1.0,0.9782366071428571,0.023879317506265076
camel,logistic,0.2654875938355381,0.5953476272625209,0.07729468599033816,0.42105263157894735,0.0425531914893617,0.08095188109747713,0.9671333999140188,0.033778300043195486,0.5277343749999999,0.5677349064625851,0.7063020273899032,0.8532101738721805,1.0,0.9910714285714286,0.024945868276041498
camel,coral_mean_logistic,0.27424842343006717,0.6006941592047975,0.175,0.40384615384615385,0.11170212765957446,0.1259527316279475,0.9787825999082997,0.02977770008146763,0.51953125,0.5655381944444444,0.7174870770676691,0.8532101738721805,1.0,0.9693080357142857,0.027414177933962287
camel,linear_tca_logistic,0.26065924329300616,0.5943344560365837,0.10091743119266056,0.36666666666666664,0.05851063829787234,0.07772079212560605,0.9700764999724925,0.022490999894216657,0.5877790178571428,0.56910120819161,0.6925265171858217,0.813827537593985,1.0,0.9916294642857143,0.018751973030675696
ivy,logistic,0.45533978492328997,0.8126602564102565,0.4444444444444444,0.43902439024390244,0.45,0.37226197120247684,0.9676285999594256,0.04047110001556575,0.49492187499999996,0.5227399553571428,0.7101663198174006,0.7982142857142858,1.0,0.97265625,0.02842665308257049
ivy,coral_mean_logistic,0.46090829485872414,0.8095352564102564,0.43478260869565216,0.5172413793103449,0.375,0.3810567536556563,0.9985420999582857,0.045205599744804204,0.4813616071428571,0.5091765873015872,0.7016036184210526,0.7892857142857145,1.0,0.9720982142857143,0.02792600057464789
ivy,linear_tca_logistic,0.4145660615769954,0.7955929487179487,0.3018867924528302,0.6153846153846154,0.2,0.30959437812474266,1.0318678000476211,0.02787940006237477,0.5188058035714285,0.6096562322845805,0.8013594253490869,0.8053571428571428,1.0,0.9676339285714286,0.023324224604617173
jedit,logistic,0.49326413421758225,0.8486807732497388,0.4716981132075472,0.43103448275862066,0.5208333333333334,0.3857976881360516,0.9728052000282332,0.03538689995184541,0.34598214285714285,0.4181636196145124,0.5466668904403866,0.7214285714285714,1.0,0.9112723214285714,0.047504490130229365
jedit,coral_mean_logistic,0.4905355401146682,0.8501828631138977,0.37681159420289856,0.6190476190476191,0.2708333333333333,0.35675540479690804,1.0293154999380931,0.07172860007267445,0.35435267857142855,0.43146789965986393,0.5938179712674543,0.7000000000000001,1.0,0.9793526785714286,0.0354066823719372
jedit,linear_tca_logistic,0.49327509110786355,0.8346394984326019,0.4948453608247423,0.4897959183673469,0.5,0.4179611943116406,0.9914980999892578,0.024902499979361892,0.5917410714285714,0.5861057964852607,0.746515843179377,0.8125,1.0,0.9603794642857143,0.02990337088645307
